DongCode,10세 미만,10대,20대,30대,40대,50대,60대,70대 이상,Total,DongName
11545510,1233.7655742559523,1308.3974278273809,12035.565400744046,15469.415480505952,11687.342634375,8488.728067410715,4121.728437053571,2471.253051041667,56816.19607336309,가산동
11560540,3601.013444345238,4279.7629782738095,13580.218302232144,21523.118233035715,21665.395600744047,14640.643227380953,6467.455549702381,6119.849470386905,91877.45688690475,여의동
