DongCode,Age_2039,Age_3049,Total,DongName
11545510,27504.980881249998,27156.758114880955,56816.19607336309,가산동
11560540,35103.33653526786,43188.51383377976,91877.45688690475,여의동
